id, nombre, municipio, asentamiento, codigo_postal, latitud, longitud
10011, Zona Centro, 1001, Colonia, 20000, 21.8811912536621, -102.2961425781250
10012, Colinas del Rio, 1001, Fraccionamiento, 20010, 21.8940219879150, -102.3136062622070
10013, Olivares Santana, 1001, Colonia, 20010, 21.8940219879150, -102.3136062622070
10014, Las Brisas, 1001, Fraccionamiento, 20010, 21.8940219879150, -102.3136062622070
10015, Ramon Romo Franco, 1001, Fraccionamiento, 20010, 21.8940219879150, -102.3136062622070
10016, San Cayetano, 1001, Fraccionamiento, 20010, 21.8940219879150, -102.3136062622070
10017, Colinas de San Ignacio, 1001, Fraccionamiento, 20016, 21.8986034393311, -102.3191146850586
10018, La Fundición, 1001, Fraccionamiento, 20016, 21.8986034393311, -102.3191146850586
10019, Fundición II, 1001, Fraccionamiento, 20016, 21.8986034393311, -102.3191146850586
20021, Centro Cívico, 2002, Colonia, 21000, 32.6418380737305, -115.4742507934570
20022, Caliss, 2002, Unidad habitacional, 21010, 32.6509323120117, -115.4679718017578
20023, Industrial, 2002, Colonia, 21010, 32.6509323120117, -115.4679718017578
20024, Residencial Cerrada del Parque, 2002, Fraccionamiento, 21010, 32.6509323120117, -115.4679718017578
20025, Zona Industrial, 2002, Zona industrial, 21010, 32.6509323120117, -115.4679718017578
20026, Burócrata, 2002, Colonia, 21020, 32.6545104980469, -115.4557571411133
20027, Nacozari, 2002, Colonia, 21030, 32.6445655822754, -115.4622802734375
20028, Libertad, 2002, Colonia, 21030, 32.6445655822754, -115.4622802734375
20029, FOVISSSTE, 2002, Fraccionamiento, 21038, 32.6415138244629, -115.4543685913086
30031, Zona Central, 3003, Colonia, 23000, 24.1527976989746, -110.3110351562500
30032, Palacio de Gobierno del Estado de Baja California Sur, 3003, Gran usuario, 23007, 24.1488723754883, -110.3068084716797
30033, Oficina Federal de Hacienda, 3003, Gran usuario, 23009, 24.1612663269043, -110.3179779052734
30034, Ciudad del Cielo, 3003, Colonia, 23010, 24.1676235198975, -110.2951126098633
30035, Colina del Sol, 3003, Colonia, 23010, 24.1676235198975, -110.2951126098633
30036, Lomas de Palmira, 3003, Colonia, 23010, 24.1676235198975, -110.2951126098633
30037, Agustín Olachea, 3003, Colonia, 23010, 24.1676235198975, -110.2951126098633
30038, Paseos del Cortes, 3003, Colonia, 23017, 24.1755847930908, -110.2952423095703
30039, Alfonso Sanchez Madariaga INFONAVIT, 3003, Unidad habitacional, 23018, 24.1715888977051, -110.2920761108398
40021, San Francisco de Campeche Centro, 4002, Colonia, 24000, 19.8455696105957, -90.5368728637695
40022, Guadalupe, 4002, Barrio, 24010, 19.8486576080322, -90.5274200439453
40023, Pablo Garcia, 4002, Unidad habitacional, 24010, 19.8486576080322, -90.5274200439453
40024, San Francisco, 4002, Barrio, 24010, 19.8486576080322, -90.5274200439453
40025, Villa del Río, 4002, Fraccionamiento, 24010, 19.8486576080322, -90.5274200439453
40026, Guadalupe, 4002, Fraccionamiento, 24010, 19.8486576080322, -90.5274200439453
40027, Ah-kim-pech, 4002, Zona comercial, 24014, 19.8557262420654, -90.5250091552734
40028, Residencial del Bosque, 4002, Fraccionamiento, 24020, 19.8518428802490, -90.5151443481445
40029, Bellavista, 4002, Colonia, 24020, 19.8518428802490, -90.5151443481445
50301, Saltillo Centro, 5030, Colonia, 25000, 25.4217224121094, -101.0001144409180
50302, Palacio de Gobierno del Estado de Coahuila, 5030, Gran usuario, 25008, 25.4217300415039, -101.0001144409180
50303, Vista Hermosa, 5030, Colonia, 25010, 25.4060249328613, -100.9381484985352
50304, La Fuente, 5030, Fraccionamiento, 25010, 25.4060249328613, -100.9381484985352
50305, Privada La Misión, 5030, Colonia, 25010, 25.4060249328613, -100.9381484985352
50306, Privada La Campana, 5030, Colonia, 25010, 25.4060249328613, -100.9381484985352
50307, Balcones de Morelos, 5030, Fraccionamiento, 25010, 25.4060249328613, -100.9381484985352
50308, Nuevo Saltillo, 5030, Colonia, 25010, 25.4060249328613, -100.9381484985352
50309, Privada de San Javier, 5030, Fraccionamiento, 25010, 25.4060249328613, -100.9381484985352
60021, Colima Centro, 6002, Colonia, 28000, 19.2407188415527, -103.7247390747070
60022, El Diezmo, 6002, Colonia, 28010, 19.2562408447266, -103.6969299316406
60023, Lomas de Circunvalación, 6002, Colonia, 28010, 19.2562408447266, -103.6969299316406
60024, ISSSTE Lomas, 6002, Unidad habitacional, 28012, 19.2408905029297, -103.7244796752930
60025, Jardines de las Lomas, 6002, Colonia, 28014, 19.2475280761719, -103.7101821899414
60026, Lomas Vistahermosa, 6002, Colonia, 28016, 19.2539348602295, -103.7154464721680
60027, Bugambilias, 6002, Condominio, 28017, 19.2608394622803, -103.7175827026367
60028, Colinas de Santa Bárbara, 6002, Colonia, 28017, 19.2608394622803, -103.7175827026367
60029, Jardines Vista Hermosa, 6002, Colonia, 28017, 19.2608394622803, -103.7175827026367
71011, Tuxtla Gutiérrez Centro, 7101, Colonia, 29000, 16.7572269439697, -93.1190032958984
71012, El Magueyito, 7101, Barrio, 29000, 16.7572269439697, -93.1190032958984
71013, San Jacinto, 7101, Barrio, 29000, 16.7572269439697, -93.1190032958984
71014, Guadalupe, 7101, Barrio, 29000, 16.7572269439697, -93.1190032958984
71015, Santo Domingo, 7101, Barrio, 29000, 16.7572269439697, -93.1190032958984
71016, Delegación de La Secretaria de Salud, 7101, Gran usuario, 29007, 16.7450408935547, -93.0949249267578
71017, Delegación de La Secretaria de Educación Publica, 7101, Gran usuario, 29008, 16.7345218658447, -93.1173400878906
71018, Palacio de Gobierno del Estado de Chiapas, 7101, Gran usuario, 29009, 16.7609710693359, -93.1305923461914
71019, Unidad Administrativa, 7101, Equipamiento, 29010, 16.7659854888916, -93.0990829467773
80191, Zona Centro, 8019, Colonia, 31000, 28.6362991333008, -106.0754470825195
80192, San Pedro, 8019, Barrio, 31000, 28.6362991333008, -106.0754470825195
80193, Sector Bolívar, 8019, Colonia, 31000, 28.6362991333008, -106.0754470825195
80194, Parque Rotario, 8019, Colonia, 31000, 28.6362991333008, -106.0754470825195
80195, Colon, 8019, Colonia, 31000, 28.6362991333008, -106.0754470825195
80196, El Bajo, 8019, Barrio, 31000, 28.6362991333008, -106.0754470825195
80197, San Pedro, 8019, Barrio, 31000, 28.6362991333008, -106.0754470825195
80198, Secretaria de Hacienda y Crédito Publico, 8019, Gran usuario, 31008, 28.6363086700439, -106.0754470825195
80199, Palacio de Gobierno del Estado de Chihuahua, 8019, Gran usuario, 31009, 28.6363086700439, -106.0754470825195
90101, San Ángel, 9010, Colonia, 1000, 19.3494453430176, -99.1935882568359
90102, Los Alpes, 9010, Colonia, 1010, 19.3590335845947, -99.1960830688477
90103, Guadalupe Inn, 9010, Colonia, 1020, 19.3575630187988, -99.1858673095703
90104, Axotla, 9010, Pueblo, 1030, 19.3611640930176, -99.1818008422852
90105, Florida, 9010, Colonia, 1030, 19.3611640930176, -99.1818008422852
90106, Campestre, 9010, Colonia, 1040, 19.3575420379639, -99.1919021606445
90107, Tlacopac, 9010, Pueblo, 1049, 19.3533973693848, -99.1955413818359
90108, Ex-Hacienda de Guadalupe Chimalistac, 9010, Colonia, 1050, 19.3488388061523, -99.1831207275391
90109, Altavista, 9010, Colonia, 1060, 19.3502330780029, -99.1957931518555
100051, Victoria de Durango Centro, 10005, Colonia, 34000, 24.0247001647949, -104.6612319946289
100052, Dionisio Gallardo, 10005, Colonia, 34000, 24.0247001647949, -104.6612319946289
100053, Luis Gómez Zepeda, 10005, Colonia, 34000, 24.0247001647949, -104.6612319946289
100054, Rinconada Mascareñas, 10005, Fraccionamiento, 34000, 24.0247001647949, -104.6612319946289
100055, Herrera Leyva, 10005, Fraccionamiento, 34000, 24.0247001647949, -104.6612319946289
100056, Privada del Sahuaro, 10005, Fraccionamiento, 34000, 24.0247001647949, -104.6612319946289
100057, INFONAVIT, 10005, Gran usuario, 34005, 24.0197010040283, -104.6759948730469
100058, Comisión Federal de Electricidad, 10005, Gran usuario, 34008, 24.0214538574219, -104.6702194213867
100059, Palacio de Gobierno del Estado de Durango, 10005, Gran usuario, 34009, 24.0277347564697, -104.6717224121094
100110, Los Sauces, 1001, Fraccionamiento, 20016, 21.8986034393311, -102.3191146850586
100111, Línea de Fuego, 1001, Colonia, 20018, 21.8993835449219, -102.3207626342773
100112, Buenos Aires, 1001, Colonia, 20020, 21.8954143524170, -102.3056640625000
100113, Circunvalación Norte, 1001, Fraccionamiento, 20020, 21.8954143524170, -102.3056640625000
100114, Las Arboledas, 1001, Fraccionamiento, 20020, 21.8954143524170, -102.3056640625000
100115, Villas de San Francisco, 1001, Fraccionamiento, 20020, 21.8954143524170, -102.3056640625000
100116, Villas de La Universidad, 1001, Fraccionamiento, 20029, 21.9004859924316, -102.3059539794922
100117, El Sol, 1001, Fraccionamiento, 20030, 21.8951797485352, -102.2968597412109
100118, Gremial, 1001, Colonia, 20030, 21.8951797485352, -102.2968597412109
100119, Industrial, 1001, Colonia, 20030, 21.8951797485352, -102.2968597412109
100120, Altavista, 1001, Colonia, 20040, 21.8891983032227, -102.3158416748047
100121, Curtidores, 1001, Colonia, 20040, 21.8891983032227, -102.3158416748047
100122, La Concordia, 1001, Fraccionamiento, 20040, 21.8891983032227, -102.3158416748047
100123, Miravalle, 1001, Colonia, 20040, 21.8891983032227, -102.3158416748047
100124, Panorama, 1001, Fraccionamiento, 20040, 21.8891983032227, -102.3158416748047
100125, Residencial Guadalupe, 1001, Fraccionamiento, 20040, 21.8891983032227, -102.3158416748047
100126, Colinas del Poniente, 1001, Fraccionamiento, 20049, 21.8930282592773, -102.3235473632813
100127, Bugambilias, 1001, Condominio, 20050, 21.8892040252686, -102.3023986816406
100128, Del Carmen, 1001, Colonia, 20050, 21.8892040252686, -102.3023986816406
100129, La Fe, 1001, Colonia, 20050, 21.8892040252686, -102.3023986816406
100130, México, 1001, Colonia, 20050, 21.8892040252686, -102.3023986816406
100131, Primavera, 1001, Colonia, 20050, 21.8892040252686, -102.3023986816406
100132, San Pablo, 1001, Colonia, 20050, 21.8892040252686, -102.3023986816406
100133, Guadalupe, 1001, Colonia, 20059, 21.8857975006104, -102.3038406372070
100134, Heliodoro Garcia, 1001, Colonia, 20059, 21.8857975006104, -102.3038406372070
100135, Gómez, 1001, Fraccionamiento, 20060, 21.8832530975342, -102.3157730102539
100136, Moderno, 1001, Fraccionamiento, 20060, 21.8832530975342, -102.3157730102539
100137, Valle del Rio San Pedro, 1001, Fraccionamiento, 20064, 21.8831100463867, -102.3210296630859
100138, Guadalupe Posada, 1001, Unidad habitacional, 20070, 21.8836669921875, -102.3114929199219
100139, San Marcos, 1001, Colonia, 20070, 21.8836669921875, -102.3114929199219
100140, San Marcos, 1001, Barrio, 20070, 21.8836669921875, -102.3114929199219
100141, San Marcos, 1001, Fraccionamiento, 20078, 21.8792190551758, -102.3209457397461
100142, Modelo, 1001, Fraccionamiento, 20080, 21.8768253326416, -102.3095245361328
100143, Residencial del Valle I, 1001, Fraccionamiento, 20080, 21.8768253326416, -102.3095245361328
100144, Residencial del Valle II, 1001, Fraccionamiento, 20089, 21.8746261596680, -102.3210372924805
100145, La Herradura, 1001, Fraccionamiento, 20100, 21.9357204437256, -102.3276901245117
100146, Club Campestre, 1001, Fraccionamiento, 20100, 21.9357204437256, -102.3276901245117
100147, Jardines del Campestre, 1001, Condominio, 20100, 21.9357204437256, -102.3276901245117
100148, Los Vergeles, 1001, Fraccionamiento, 20100, 21.9357204437256, -102.3276901245117
100149, Rancho San Antonio, 1001, Condominio, 20100, 21.9357204437256, -102.3276901245117
100150, Talamantes Ponce, 1001, Colonia, 20110, 21.9264411926270, -102.3129501342773
100151, Granjas del Campestre, 1001, Fraccionamiento, 20110, 21.9264411926270, -102.3129501342773
100152, Puerto las Hadas, 1001, Condominio, 20110, 21.9264411926270, -102.3129501342773
100153, Valle del Campestre, 1001, Fraccionamiento, 20110, 21.9264411926270, -102.3129501342773
100154, Villas de Montenegro, 1001, Fraccionamiento, 20110, 21.9264411926270, -102.3129501342773
100155, Las Cavas, 1001, Fraccionamiento, 20110, 21.9264411926270, -102.3129501342773
100156, La Enramada, 1001, Fraccionamiento, 20110, 21.9264411926270, -102.3129501342773
100157, Trojes de Oriente, 1001, Fraccionamiento, 20115, 21.9249782562256, -102.3034057617188
100158, Valle de las Trojes, 1001, Fraccionamiento, 20115, 21.9249782562256, -102.3034057617188
100159, Villas de San Nicolás, 1001, Fraccionamiento, 20115, 21.9249782562256, -102.3034057617188
100160, San Telmo, 1001, Fraccionamiento, 20115, 21.9249782562256, -102.3034057617188
100161, La Paloma, 1001, Condominio, 20115, 21.9249782562256, -102.3034057617188
100162, Barrio de Santiago, 1001, Fraccionamiento, 20115, 21.9249782562256, -102.3034057617188
100163, Villa de las Trojes, 1001, Fraccionamiento, 20115, 21.9249782562256, -102.3034057617188
100164, Valle de Santa Teresa, 1001, Fraccionamiento, 20115, 21.9249782562256, -102.3034057617188
100165, La Troje, 1001, Fraccionamiento, 20116, 21.9322776794434, -102.3099365234375
100166, Trojes de Alonso, 1001, Colonia, 20116, 21.9322776794434, -102.3099365234375
100167, San Telmo Residencial, 1001, Fraccionamiento, 20116, 21.9322776794434, -102.3099365234375
100168, Santa Fe, 1001, Condominio, 20116, 21.9322776794434, -102.3099365234375
100169, Aguascalientes 2000, 1001, Fraccionamiento, 20117, 21.8756332397461, -102.2816467285156
100170, Las Trojes, 1001, Condominio, 20118, 21.9348316192627, -102.3175125122070
100171, Misión del Campanario, 1001, Fraccionamiento, 20118, 21.9348316192627, -102.3175125122070
100172, Trojes de Cristal, 1001, Fraccionamiento, 20118, 21.9348316192627, -102.3175125122070
100173, Trojes del Sol, 1001, Condominio, 20118, 21.9348316192627, -102.3175125122070
100174, Residencial Santa Clara, 1001, Fraccionamiento, 20118, 21.9348316192627, -102.3175125122070
100175, Misión de Santiago, 1001, Fraccionamiento, 20118, 21.9348316192627, -102.3175125122070
100176, Valle del Campanario, 1001, Fraccionamiento, 20118, 21.9348316192627, -102.3175125122070
100177, Las Misiones, 1001, Fraccionamiento, 20118, 21.9348316192627, -102.3175125122070
100178, Los Jarales, 1001, Condominio, 20118, 21.9348316192627, -102.3175125122070
100179, Cerrada El Molino, 1001, Condominio, 20118, 21.9348316192627, -102.3175125122070
100180, Valle Real, 1001, Fraccionamiento, 20118, 21.9348316192627, -102.3175125122070
100181, Terzetto, 1001, Condominio, 20118, 21.9348316192627, -102.3175125122070
100182, Cerrada de La Misión, 1001, Fraccionamiento, 20118, 21.9348316192627, -102.3175125122070
100183, Cerrada del Valle, 1001, Fraccionamiento, 20118, 21.9348316192627, -102.3175125122070
100184, Cerrada de la Mezquitera, 1001, Fraccionamiento, 20118, 21.9348316192627, -102.3175125122070
100185, Lomas del Campestre 2a Sección, 1001, Fraccionamiento, 20119, 21.9245738983154, -102.3170547485352
100186, Villas del Campestre, 1001, Fraccionamiento, 20119, 21.9245738983154, -102.3170547485352
100187, Los Calicantos, 1001, Fraccionamiento, 20119, 21.9245738983154, -102.3170547485352
100188, Jardines de la Concepción, 1001, Fraccionamiento, 20120, 21.9221630096436, -102.3013229370117
100189, Los Bosques, 1001, Fraccionamiento, 20120, 21.9221630096436, -102.3013229370117
100190, Rinconada los Bosques, 1001, Condominio, 20120, 21.9221630096436, -102.3013229370117
100191, La Perla Norte, 1001, Condominio, 20123, 21.9351348876953, -102.2897033691406
100192, Arroyo El Molino, 1001, Fraccionamiento, 20123, 21.9351348876953, -102.2897033691406
100193, Galerías, 1001, Zona comercial, 20124, 21.9255027770996, -102.2935867309570
100194, Residencial Altaria, 1001, Fraccionamiento, 20124, 21.9255027770996, -102.2935867309570
100195, Constitución, 1001, Fraccionamiento, 20126, 21.9426193237305, -102.2815551757813
100196, Libertad, 1001, Fraccionamiento, 20126, 21.9426193237305, -102.2815551757813
100197, Pozo Bravo Norte, 1001, Fraccionamiento, 20126, 21.9426193237305, -102.2815551757813
100198, Soberana Convención Revolucionaria, 1001, Fraccionamiento, 20126, 21.9426193237305, -102.2815551757813
100199, Villa Montaña, 1001, Fraccionamiento, 20126, 21.9426193237305, -102.2815551757813
110151, Guanajuato Centro, 11015, Colonia, 36000, 21.0170364379883, -101.2545471191406
110152, Alameda, 11015, Colonia, 36003, 21.0176239013672, -101.2488555908203
110153, Presidencia Municipal, 11015, Gran usuario, 36008, 21.0170440673828, -101.2545471191406
110154, Oficina Federal de Hacienda, 11015, Gran usuario, 36009, 21.0170440673828, -101.2545471191406
110155, Cata, 11015, Colonia, 36010, 21.0308971405029, -101.2541656494141
110156, Mellado, 11015, Colonia, 36010, 21.0308971405029, -101.2541656494141
110157, Garrapata, 11015, Colonia, 36010, 21.0308971405029, -101.2541656494141
110158, Cerro de San Antonio, 11015, Colonia, 36013, 21.0239982604980, -101.2557067871094
110159, La Gualdra, 11015, Colonia, 36013, 21.0239982604980, -101.2557067871094
120291, Chilpancingo de los Bravos Centro, 12029, Colonia, 39000, 17.5515480041504, -99.5006179809570
120292, Oficina Federal de Hacienda, 12029, Gran usuario, 39008, 17.5380935668945, -99.4976654052734
120293, Palacio de Gobierno del Estado de Guerrero, 12029, Gran usuario, 39009, 17.5529651641846, -99.5001296997070
120294, Azteca, 12029, Colonia, 39010, 17.5693912506104, -99.5152587890625
120295, Benito Juárez, 12029, Colonia, 39010, 17.5693912506104, -99.5152587890625
120296, Bugambilias, 12029, Colonia, 39010, 17.5693912506104, -99.5152587890625
120297, Caminos, 12029, Colonia, 39010, 17.5693912506104, -99.5152587890625
120298, El Salado, 12029, Colonia, 39010, 17.5693912506104, -99.5152587890625
120299, Electricistas, 12029, Colonia, 39010, 17.5693912506104, -99.5152587890625
130481, Centro, 13048, Colonia, 42000, 20.1233634948730, -98.7363739013672
130482, La Granada, 13048, Colonia, 42004, 20.1297874450684, -98.7326049804688
130483, La Alcantarilla, 13048, Barrio, 42010, 20.1343955993652, -98.7316894531250
130484, El Arbolito, 13048, Barrio, 42010, 20.1343955993652, -98.7316894531250
130485, El Atorón, 13048, Barrio, 42010, 20.1343955993652, -98.7316894531250
130486, La Palma, 13048, Barrio, 42010, 20.1343955993652, -98.7316894531250
130487, San Juan Pachuca, 13048, Colonia, 42010, 20.1343955993652, -98.7316894531250
130488, Nueva Estrella, 13048, Colonia, 42014, 20.1390724182129, -98.7297592163086
130489, Asta Bandera, 13048, Barrio, 42015, 20.1354770660400, -98.7338104248047
140391, Guadalajara Centro, 14039, Colonia, 44100, 20.6749343872070, -103.3474121093750
140392, Vallarta Poniente, 14039, Fraccionamiento, 44110, 20.6730308532715, -103.3911895751953
140393, Arcos Vallarta, 14039, Colonia, 44130, 20.6707935333252, -103.3847885131836
140394, Arcos, 14039, Fraccionamiento, 44130, 20.6707935333252, -103.3847885131836
140395, Obrera Centro, 14039, Colonia, 44140, 20.6729984283447, -103.3738708496094
140396, Barrera, 14039, Colonia, 44150, 20.6670627593994, -103.3700790405273
140397, Lafayette, 14039, Colonia, 44150, 20.6670627593994, -103.3700790405273
140398, Deitz, 14039, Colonia, 44158, 20.6718082427979, -103.3774719238281
140399, Americana, 14039, Colonia, 44160, 20.6738109588623, -103.3629455566406
151061, Centro, 15106, Colonia, 50000, 19.2921047210693, -99.6566848754883
151062, Celanese, 15106, Colonia, 50010, 19.3116092681885, -99.6422882080078
151063, Club Jardín, 15106, Colonia, 50010, 19.3116092681885, -99.6422882080078
151064, Guadalupe, 15106, Colonia, 50010, 19.3116092681885, -99.6422882080078
151065, La Cruz Comalco, 15106, Colonia, 50010, 19.3116092681885, -99.6422882080078
151066, La Magdalena, 15106, Colonia, 50010, 19.3116092681885, -99.6422882080078
151067, Los Girasoles, 15106, Fraccionamiento, 50010, 19.3116092681885, -99.6422882080078
151068, Los Girasoles II, 15106, Fraccionamiento, 50010, 19.3116092681885, -99.6422882080078
151069, Los Girasoles III, 15106, Fraccionamiento, 50010, 19.3116092681885, -99.6422882080078
160531, INFONAVIT El Pípila, 16053, Unidad habitacional, 58000, 19.7014312744141, -101.1922531127930
160532, Centro Histórico, 16053, Colonia, 58000, 19.7014312744141, -101.1922531127930
160533, INFONAVIT Plan de Ayala, 16053, Unidad habitacional, 58000, 19.7014312744141, -101.1922531127930
160534, Oficina Federal de Hacienda, 16053, Equipamiento, 58002, 19.6581554412842, -101.2291641235352
160535, Universidad Michoacana de San Nicolás de Hidalgo, 16053, Equipamiento, 58004, 19.7018814086914, -101.1923446655273
160536, Secretaria de Salud, 16053, Equipamiento, 58006, 19.7018814086914, -101.1923446655273
160537, Palacio de Gobierno Del Estado de Michoacán, 16053, Equipamiento, 58009, 19.6812553405762, -101.1811447143555
160538, Juárez, 16053, Colonia, 58010, 19.6945114135742, -101.1981506347656
160539, Molino de Parras, 16053, Colonia, 58010, 19.6945114135742, -101.1981506347656
170071, Cuernavaca Centro, 17007, Colonia, 62000, 18.9220085144043, -99.2364883422852
170072, Palacio de Gobierno del Estado de Morelos, 17007, Equipamiento, 62009, 18.9221076965332, -99.2365341186523
170073, Altavista, 17007, Colonia, 62010, 18.9259777069092, -99.2493743896484
170074, Las Piletas, 17007, Fraccionamiento, 62010, 18.9259777069092, -99.2493743896484
170075, Margarita Maza de Juárez, 17007, Colonia, 62017, 18.9169254302979, -99.2442474365234
170076, Altavista Barrancas, 17007, Colonia, 62018, 18.9247913360596, -99.2522430419922
170077, Loma Hermosa, 17007, Colonia, 62019, 18.9270591735840, -99.2514877319336
170078, Plan de Ayala Barrancas, 17007, Colonia, 62019, 18.9270591735840, -99.2514877319336
170079, Provinciana, 17007, Colonia, 62019, 18.9270591735840, -99.2514877319336
180171, Tepic Centro, 18017, Colonia, 63000, 21.5119800567627, -104.8916397094727
180172, Centro SCT Nayarit, 18017, Gran usuario, 63009, 21.4777526855469, -104.8434295654297
180173, Amado Nervo, 18017, Colonia, 63010, 21.5234718322754, -104.8902969360352
180174, Amado Nervo, 18017, Fraccionamiento, 63010, 21.5234718322754, -104.8902969360352
180175, Paseo de La Constitución, 18017, Fraccionamiento, 63010, 21.5234718322754, -104.8902969360352
180176, Sacristán, 18017, Colonia, 63010, 21.5234718322754, -104.8902969360352
180177, El Punto, 18017, Colonia, 63018, 21.5378875732422, -104.8944549560547
180178, Francisco Villa, 18017, Colonia, 63019, 21.5346412658691, -104.8893585205078
180179, Loma Hermosa, 18017, Colonia, 63019, 21.5346412658691, -104.8893585205078
190391, Monterrey Centro, 19039, Colonia, 64000, 25.6654300689697, -100.3101654052734
190392, La Finca, 19039, Condominio, 64000, 25.6654300689697, -100.3101654052734
190393, Amway, 19039, Gran usuario, 64004, 25.6772022247314, -100.3322525024414
190394, Secretaría de Hacienda y Crédito Público, 19039, Gran usuario, 64007, 25.6654396057129, -100.3101654052734
190395, Palacio de Gobierno Del Estado de Nuevo León, 19039, Gran usuario, 64009, 25.6654396057129, -100.3101654052734
190396, Obrera, 19039, Colonia, 64010, 25.6795940399170, -100.2913208007813
190397, Desarrollo Urbano Reforma, 19039, Unidad habitacional, 64018, 25.6751213073730, -100.2976913452148
190398, Nuevo Centro de Monterrey, 19039, Equipamiento, 64018, 25.6751213073730, -100.2976913452148
190399, Condominios Constitución, 19039, Unidad habitacional, 64019, 25.6680660247803, -100.2999649047852
200210, Crnl. Esteban Cantú, 2002, Colonia, 21039, 32.6457557678223, -115.4512939453125
200211, Calafia, 2002, Fraccionamiento, 21040, 32.6346473693848, -115.4584808349609
200212, Ferrocarril, 2002, Colonia, 21040, 32.6346473693848, -115.4584808349609
200213, Guajardo, 2002, Fraccionamiento, 21050, 32.6330299377441, -115.4914627075195
200214, San Marcos, 2002, Fraccionamiento, 21050, 32.6330299377441, -115.4914627075195
200215, Nueva Esperanza, 2002, Colonia, 21050, 32.6330299377441, -115.4914627075195
200216, Anáhuac, 2002, Colonia, 21060, 32.6343955993652, -115.4774322509766
200217, Constituyentes, 2002, Colonia, 21060, 32.6343955993652, -115.4774322509766
200218, Josué Molina, 2002, Colonia, 21060, 32.6343955993652, -115.4774322509766
200219, Indeco Anáhuac, 2002, Colonia, 21060, 32.6343955993652, -115.4774322509766
200220, Balbuena, 2002, Fraccionamiento, 21070, 32.6334381103516, -115.4694595336914
200221, Zacatecas, 2002, Fraccionamiento, 21070, 32.6334381103516, -115.4694595336914
200222, Zona Industrial, 2002, Zona industrial, 21070, 32.6334381103516, -115.4694595336914
200223, Los Arcos, 2002, Fraccionamiento, 21079, 32.6338691711426, -115.4724273681641
200224, El Vidrio, 2002, Colonia, 21080, 32.6313514709473, -115.4825820922852
200225, Del Rastro, 2002, Colonia, 21090, 32.6296920776367, -115.4686584472656
200226, Ejido Zacatecas, 2002, Colonia, 21090, 32.6296920776367, -115.4686584472656
200227, Agualeguas, 2002, Colonia, 21090, 32.6296920776367, -115.4686584472656
200228, Zona Industrial, 2002, Zona industrial, 21090, 32.6296920776367, -115.4686584472656
200229, Nueva, 2002, Colonia, 21100, 32.6615371704102, -115.4731216430664
200230, Primera Sección, 2002, Colonia, 21100, 32.6615371704102, -115.4731216430664
200231, Segunda Sección, 2002, Colonia, 21100, 32.6615371704102, -115.4731216430664
200232, Eligio Esquivel, 2002, Colonia, 21110, 32.6595077514648, -115.5057830810547
200233, Fronteriza, 2002, Colonia, 21110, 32.6595077514648, -115.5057830810547
200234, Revolución, 2002, Colonia, 21110, 32.6595077514648, -115.5057830810547
200235, Santa Clara, 2002, Colonia, 21110, 32.6595077514648, -115.5057830810547
200236, Pueblo Nuevo, 2002, Colonia, 21120, 32.6559486389160, -115.4966583251953
200237, Río Nuevo, 2002, Colonia, 21120, 32.6559486389160, -115.4966583251953
200238, Baja California, 2002, Colonia, 21130, 32.6548156738281, -115.5123825073242
200239, Orizaba, 2002, Fraccionamiento, 21130, 32.6548156738281, -115.5123825073242
200240, Los Olivos, 2002, Fraccionamiento, 21135, 32.6360626220703, -115.5361022949219
200241, Haciendas Orizaba, 2002, Fraccionamiento, 21135, 32.6360626220703, -115.5361022949219
200242, Las Palmeras, 2002, Colonia, 21135, 32.6360626220703, -115.5361022949219
200243, Palmar de Orizaba, 2002, Colonia, 21135, 32.6360626220703, -115.5361022949219
200244, Sindicalista, 2002, Colonia, 21135, 32.6360626220703, -115.5361022949219
200245, Los Faisanes, 2002, Colonia, 21135, 32.6360626220703, -115.5361022949219
200246, Hacienda de Mexicali, 2002, Fraccionamiento, 21135, 32.6360626220703, -115.5361022949219
200247, Mártires de La Democracia, 2002, Colonia, 21135, 32.6360626220703, -115.5361022949219
200248, Desarrollo Urbano Orizaba Sur, 2002, Fraccionamiento, 21135, 32.6360626220703, -115.5361022949219
200249, Las Magdalenas, 2002, Fraccionamiento, 21135, 32.6360626220703, -115.5361022949219
200250, Sol del Amanecer, 2002, Fraccionamiento, 21135, 32.6360626220703, -115.5361022949219
200251, Lucerna, 2002, Colonia, 21137, 32.6544075012207, -115.5389175415039
200252, Ampliación Lucerna, 2002, Colonia, 21137, 32.6544075012207, -115.5389175415039
200253, Luis Donaldo Colosio, 2002, Colonia, 21137, 32.6544075012207, -115.5389175415039
200254, Mayos, 2002, Colonia, 21137, 32.6544075012207, -115.5389175415039
200255, Oscar Garzón, 2002, Colonia, 21137, 32.6544075012207, -115.5389175415039
200256, Aztecas, 2002, Fraccionamiento, 21137, 32.6544075012207, -115.5389175415039
200257, Carlos Salinas, 2002, Colonia, 21137, 32.6544075012207, -115.5389175415039
200258, Ladrilleros Santa Isabel, 2002, Colonia, 21137, 32.6544075012207, -115.5389175415039
200259, Real del Río, 2002, Fraccionamiento, 21137, 32.6544075012207, -115.5389175415039
200260, Cachanilla, 2002, Colonia, 21137, 32.6544075012207, -115.5389175415039
200261, San Miguel, 2002, Residencial, 21137, 32.6544075012207, -115.5389175415039
200262, Misión de San Diego de Alcalá, 2002, Fraccionamiento, 21137, 32.6544075012207, -115.5389175415039
200263, Misión de San Francisco Javier, 2002, Fraccionamiento, 21137, 32.6544075012207, -115.5389175415039
200264, Villa del Campo, 2002, Colonia, 21137, 32.6544075012207, -115.5389175415039
200265, San Martín Caballero, 2002, Colonia, 21137, 32.6544075012207, -115.5389175415039
200266, Misión de San Antonio, 2002, Fraccionamiento, 21137, 32.6544075012207, -115.5389175415039
200267, San Miguel 2da Etapa, 2002, Residencial, 21137, 32.6544075012207, -115.5389175415039
200268, Misión de San Ignacio, 2002, Fraccionamiento, 21137, 32.6544075012207, -115.5389175415039
200269, Real del Río Residencial 2da Sección, 2002, Fraccionamiento, 21137, 32.6544075012207, -115.5389175415039
200270, El Colonial, 2002, Colonia, 21137, 32.6544075012207, -115.5389175415039
200271, Villas Coahuila, 2002, Colonia, 21137, 32.6544075012207, -115.5389175415039
200272, Villas Galicia, 2002, Fraccionamiento, 21137, 32.6544075012207, -115.5389175415039
200273, Villas del Paraíso, 2002, Colonia, 21137, 32.6544075012207, -115.5389175415039
200274, La Luna, 2002, Colonia, 21138, 32.6271057128906, -115.5676040649414
200275, El Coloso, 2002, Fraccionamiento, 21138, 32.6271057128906, -115.5676040649414
200276, San Clemente, 2002, Colonia, 21138, 32.6271057128906, -115.5676040649414
200277, Los Milagros, 2002, Fraccionamiento, 21138, 32.6271057128906, -115.5676040649414
200278, San Jacinto, 2002, Colonia, 21138, 32.6271057128906, -115.5676040649414
200279, El Refugio, 2002, Colonia, 21138, 32.6271057128906, -115.5676040649414
200280, Ampliación Refugio, 2002, Colonia, 21138, 32.6271057128906, -115.5676040649414
200281, Los Viñedos, 2002, Fraccionamiento, 21138, 32.6271057128906, -115.5676040649414
200282, Valle de las Misiones, 2002, Fraccionamiento, 21138, 32.6271057128906, -115.5676040649414
200283, El Paraíso, 2002, Colonia, 21138, 32.6271057128906, -115.5676040649414
200284, Torremolinos, 2002, Colonia, 21138, 32.6271057128906, -115.5676040649414
200285, Misión Viejo, 2002, Colonia, 21138, 32.6271057128906, -115.5676040649414
200286, Valle de los Ángeles, 2002, Colonia, 21138, 32.6271057128906, -115.5676040649414
200287, El Coloso II, 2002, Fraccionamiento, 21138, 32.6271057128906, -115.5676040649414
200288, La Estrella, 2002, Colonia, 21139, 32.6331710815430, -115.5770187377930
200289, Santa Isabel, 2002, Colonia, 21139, 32.6331710815430, -115.5770187377930
200290, San Carlos, 2002, Colonia, 21139, 32.6331710815430, -115.5770187377930
200291, Santa Lorena, 2002, Colonia, 21139, 32.6331710815430, -115.5770187377930
200292, Gabriela Mistral, 2002, Colonia, 21139, 32.6331710815430, -115.5770187377930
200293, San José, 2002, Colonia, 21139, 32.6331710815430, -115.5770187377930
200294, Nuevo Santa Lucia, 2002, Colonia, 21139, 32.6331710815430, -115.5770187377930
200295, San Pablo, 2002, Colonia, 21139, 32.6331710815430, -115.5770187377930
200296, Popular Centinela, 2002, Fraccionamiento, 21139, 32.6331710815430, -115.5770187377930
200297, Ampliación Centinela, 2002, Colonia, 21139, 32.6331710815430, -115.5770187377930
200298, Las Reinas, 2002, Fraccionamiento, 21139, 32.6331710815430, -115.5770187377930
200299, El Sauce, 2002, Colonia, 21139, 32.6331710815430, -115.5770187377930
200671, Oaxaca, 20067, Colonia, 68000, 17.0617141723633, -96.7246322631836
200672, Secretaria de La Reforma Agraria, 20067, Gran usuario, 68008, 17.0618839263916, -96.7245864868164
200673, Palacio de Gobierno Del Estado de Oaxaca, 20067, Gran usuario, 68009, 17.0720081329346, -96.7489471435547
200674, Bugambilias, 20067, Fraccionamiento, 68010, 17.0994701385498, -96.7523040771484
200675, Los Cedros, 20067, Fraccionamiento, 68010, 17.0994701385498, -96.7523040771484
200676, Elsa, 20067, Fraccionamiento, 68010, 17.0994701385498, -96.7523040771484
200677, Revolución, 20067, Colonia, 68010, 17.0994701385498, -96.7523040771484
200678, Sauces, 20067, Fraccionamiento, 68010, 17.0994701385498, -96.7523040771484
200679, Orquideas, 20067, Fraccionamiento, 68010, 17.0994701385498, -96.7523040771484
211141, Centro, 21114, Colonia, 72000, 19.0486564636230, -98.1904602050781
211142, San Francisco, 21114, Colonia, 72000, 19.0486564636230, -98.1904602050781
211143, Santa María la Rivera, 21114, Colonia, 72010, 19.0802097320557, -98.2032012939453
211144, INFONAVIT Bosques 5 de Febrero, 21114, Unidad habitacional, 72010, 19.0802097320557, -98.2032012939453
211145, Residencial Santa María, 21114, Unidad habitacional, 72010, 19.0802097320557, -98.2032012939453
211146, Las Huertas, 21114, Colonia, 72013, 19.0963745117188, -98.1937332153320
211147, Santa Bárbara, 21114, Colonia, 72013, 19.0963745117188, -98.1937332153320
211148, Rosas del Tepeyac, 21114, Colonia, 72014, 19.0867080688477, -98.2023696899414
211149, San Pablo Xochimehuacan, 21114, Pueblo, 72014, 19.0867080688477, -98.2023696899414
220141, Centro, 22014, Colonia, 76000, 20.5931358337402, -100.3915405273438
220142, Rincón de San Andrés, 22014, Fraccionamiento, 76005, 20.5947265625000, -100.3966751098633
220143, Mariano Escobedo, 22014, Unidad habitacional, 76005, 20.5947265625000, -100.3966751098633
220144, Vicente Guerrero, 22014, Unidad habitacional, 76005, 20.5947265625000, -100.3966751098633
220145, Rinconada Morelos, 22014, Unidad habitacional, 76005, 20.5947265625000, -100.3966751098633
220146, Las Campanas, 22014, Colonia, 76010, 20.5860443115234, -100.4066314697266
220147, Niños Héroes, 22014, Colonia, 76010, 20.5860443115234, -100.4066314697266
220148, Centro Universitario U.A.Q., 22014, Equipamiento, 76017, 20.5926303863525, -100.4096603393555
220149, Bosques del Acueducto, 22014, Colonia, 76020, 20.5975856781006, -100.3816680908203
230041, Chetumal Centro, 23004, Colonia, 77000, 18.4980354309082, -88.3035049438477
230042, Secretaria de Hacienda y Crédito Publico, 23004, Gran usuario, 77008, 19.6212062835693, -89.0049591064453
230043, Palacio de Gobierno del Estado de Quintana Roo, 23004, Gran usuario, 77009, 19.6212062835693, -89.0049591064453
230044, Adolfo López Mateos, 23004, Colonia, 77010, 18.5254440307617, -88.2852249145508
230045, Francisco J Mújica INFONAVIT, 23004, Unidad habitacional, 77010, 18.5254440307617, -88.2852249145508
230046, Naval, 23004, Colonia, 77010, 18.5254440307617, -88.2852249145508
230047, Bugambilias, 23004, Fraccionamiento, 77010, 18.5254440307617, -88.2852249145508
230048, Del Mar I y II Infonavit, 23004, Fraccionamiento, 77010, 18.5254440307617, -88.2852249145508
230049, Isabel Tenorio, 23004, Colonia, 77010, 18.5254440307617, -88.2852249145508
240281, San Luis Potosí Centro, 24028, Colonia, 78000, 22.1516532897949, -100.9749069213867
240282, Oficina Federal de Hacienda, 24028, Gran usuario, 78008, 22.1516208648682, -100.9746170043945
240283, Palacio de Gobierno del Estado de San Luis Potosí, 24028, Gran usuario, 78009, 22.1516208648682, -100.9746170043945
240284, La Paz, 24028, Colonia, 78037, 22.1675910949707, -100.9702224731445
240285, Privada Caracol, 24028, Fraccionamiento, 78037, 22.1675910949707, -100.9702224731445
240286, Tlaxcala, 24028, Barrio, 78038, 22.1684703826904, -100.9769439697266
240287, Hidalgo, 24028, Colonia, 78040, 22.1832008361816, -101.0163726806641
240288, Rinconada de Santiago, 24028, Colonia, 78040, 22.1832008361816, -101.0163726806641
240289, Juan Alvarez, 24028, Colonia, 78048, 22.1516208648682, -100.9746170043945
250061, Centro, 25006, Colonia, 80000, 24.8085498809814, -107.3944778442383
250062, Centro Sinaloa, 25006, Colonia, 80000, 24.8085498809814, -107.3944778442383
250063, Arboledas, 25006, Fraccionamiento, 80010, 24.8381423950195, -107.3950271606445
250064, Ignacio Allende, 25006, Colonia, 80010, 24.8381423950195, -107.3950271606445
250065, 6 de Enero, 25006, Colonia, 80010, 24.8381423950195, -107.3950271606445
250066, Vicente Lombardo Toledano, 25006, Colonia, 80010, 24.8381423950195, -107.3950271606445
250067, Villa Universidad, 25006, Fraccionamiento, 80010, 24.8381423950195, -107.3950271606445
250068, Fresnos, 25006, Fraccionamiento, 80010, 24.8381423950195, -107.3950271606445
250069, Ciudad Universitaria, 25006, Gran usuario, 80013, 24.8300247192383, -107.3781661987305
260301, Hermosillo Centro, 26030, Colonia, 83000, 29.0853042602539, -110.9541397094727
260302, 5 de Mayo, 26030, Colonia, 83010, 29.0909614562988, -110.9386444091797
260303, Country Club, 26030, Colonia, 83010, 29.0909614562988, -110.9386444091797
260304, Lomas Pitic, 26030, Colonia, 83010, 29.0909614562988, -110.9386444091797
260305, Mediterráneo Residencial, 26030, Colonia, 83010, 29.0909614562988, -110.9386444091797
260306, Cerrada el Encanto, 26030, Fraccionamiento, 83010, 29.0909614562988, -110.9386444091797
260307, Los Igualados, 26030, Colonia, 83010, 29.0909614562988, -110.9386444091797
260308, Los Altos Residencial, 26030, Fraccionamiento, 83010, 29.0909614562988, -110.9386444091797
260309, Country Club Residencial, 26030, Residencial, 83010, 29.0909614562988, -110.9386444091797
270041, Portal del Agua, 27004, Fraccionamiento, 86000, 17.9978008270264, -92.9247894287109
270042, Villahermosa Centro, 27004, Colonia, 86000, 17.9978008270264, -92.9247894287109
270043, Medellin y Pigua 1ra. Sección, 27004, Colonia, 86010, 18.0193672180176, -92.8957595825195
270044, Triangulo Industrial, 27004, Colonia, 86010, 18.0193672180176, -92.8957595825195
270045, Fideicomiso Ciudad Industrial, 27004, Zona industrial, 86010, 18.0193672180176, -92.8957595825195
270046, Indeco Unidad, 27004, Unidad habitacional, 86017, 18.0234336853027, -92.9053497314453
270047, La Pigua, 27004, Fraccionamiento, 86017, 18.0234336853027, -92.9053497314453
270048, Jardines Del Sol, 27004, Fraccionamiento, 86017, 18.0234336853027, -92.9053497314453
270049, Cosmos, 27004, Fraccionamiento, 86017, 18.0234336853027, -92.9053497314453
280411, Ciudad Victoria Centro, 28041, Colonia, 87000, 23.7305488586426, -99.1537780761719
280412, Los Fresnos, 28041, Fraccionamiento, 87000, 23.7305488586426, -99.1537780761719
280413, Enrique Cárdenas González, 28041, Colonia, 87010, 23.7637691497803, -99.1650543212891
280414, José López Portillo, 28041, Colonia, 87010, 23.7637691497803, -99.1650543212891
280415, Tránsito, 28041, Colonia, 87010, 23.7637691497803, -99.1650543212891
280416, El Mirador, 28041, Colonia, 87014, 23.7518806457520, -99.1749877929688
280417, Emilio Caballero, 28041, Colonia, 87014, 23.7518806457520, -99.1749877929688
280418, General Lucio Blanco, 28041, Colonia, 87014, 23.7518806457520, -99.1749877929688
280419, 77 Batallón de Infantería, 28041, Zona militar, 87014, 23.7518806457520, -99.1749877929688
290331, Tlaxcala Centro, 29033, Colonia, 90000, 19.3163566589355, -98.2383422851563
290332, Huertas de San Francisco, 29033, Fraccionamiento, 90005, 19.3155136108398, -98.2371673583984
290333, Universidad Autónoma de Tlaxcala, 29033, Equipamiento, 90006, 19.3161029815674, -98.2380752563477
290334, San Buenaventura Atempan, 29033, Colonia, 90010, 19.3281593322754, -98.2219924926758
290335, Xicohténcatl, 29033, Unidad habitacional, 90013, 19.3246841430664, -98.2335662841797
290336, Vista Malintzi, 29033, Fraccionamiento, 90014, 19.3207550048828, -98.2222747802734
290337, El Bosque, 29033, Fraccionamiento, 90014, 19.3207550048828, -98.2222747802734
290338, Los Potrillos, 29033, Fraccionamiento, 90014, 19.3207550048828, -98.2222747802734
290339, Vista Hermosa, 29033, Fraccionamiento, 90014, 19.3207550048828, -98.2222747802734
300310, Pedregal del Cortes, 3003, Unidad habitacional, 23018, 24.1715888977051, -110.2920761108398
300311, Reforma I, 3003, Colonia, 23018, 24.1715888977051, -110.2920761108398
300312, Reforma II, 3003, Colonia, 23018, 24.1715888977051, -110.2920761108398
300313, Policentro Palmira, 3003, Colonia, 23019, 24.1833534240723, -110.3011474609375
300314, Pedregal de la Paz, 3003, Fraccionamiento, 23019, 24.1833534240723, -110.3011474609375
300315, Punta Prieta, 3003, Colonia, 23019, 24.1833534240723, -110.3011474609375
300316, Colina de La Cruz, 3003, Colonia, 23020, 24.1609992980957, -110.3020706176758
300317, Esterito, 3003, Colonia, 23020, 24.1609992980957, -110.3020706176758
300318, Ladrillera, 3003, Colonia, 23020, 24.1609992980957, -110.3020706176758
300319, Guerrero, 3003, Colonia, 23020, 24.1609992980957, -110.3020706176758
300320, Manuel Rivera Anaya, 3003, Unidad habitacional, 23020, 24.1609992980957, -110.3020706176758
300321, Antonio Navarro Rubio, 3003, Colonia, 23026, 24.1587562561035, -110.2923889160156
300322, Ampliación Antonio Navarro Rubio, 3003, Colonia, 23026, 24.1587562561035, -110.2923889160156
300323, Zona Militar, 3003, Colonia, 23029, 24.1522865295410, -110.2973480224609
300324, Francisco Villa, 3003, Colonia, 23030, 24.1470527648926, -110.2873916625977
300325, Guadalupe Victoria, 3003, Colonia, 23030, 24.1470527648926, -110.2873916625977
300326, Independencia, 3003, Colonia, 23030, 24.1470527648926, -110.2873916625977
300327, Lienzo Charro, 3003, Colonia, 23030, 24.1470527648926, -110.2873916625977
300328, Loma Linda, 3003, Colonia, 23030, 24.1470527648926, -110.2873916625977
300329, Magisterial, 3003, Colonia, 23030, 24.1470527648926, -110.2873916625977
300330, San Pablo Guelatao, 3003, Colonia, 23030, 24.1470527648926, -110.2873916625977
300331, Lázaro Cárdenas, 3003, Colonia, 23034, 24.1441860198975, -110.2805938720703
300332, Jacinto Lopez, 3003, Colonia, 23037, 24.1457176208496, -110.2845077514648
300333, Loma Obrera, 3003, Colonia, 23038, 24.1528835296631, -110.2786178588867
300334, Valle de las Vinoramas, 3003, Fraccionamiento, 23038, 24.1528835296631, -110.2786178588867
300335, Lázaro Cárdenas, 3003, Ampliación, 23038, 24.1528835296631, -110.2786178588867
300336, Villas de Guadalupe, 3003, Colonia, 23038, 24.1528835296631, -110.2786178588867
300337, Vista Hermosa, 3003, Colonia, 23038, 24.1528835296631, -110.2786178588867
300338, Laguna Azul, 3003, Colonia, 23038, 24.1528835296631, -110.2786178588867
300339, Ampliación Marquez de Leon, 3003, Colonia, 23038, 24.1528835296631, -110.2786178588867
300340, Marquez de Leon, 3003, Colonia, 23038, 24.1528835296631, -110.2786178588867
300341, La Escondida, 3003, Colonia, 23039, 24.1472167968750, -110.2795867919922
300342, Adolfo Ruiz Cortines, 3003, Colonia, 23040, 24.1363449096680, -110.3064651489258
300343, La Rinconada, 3003, Colonia, 23040, 24.1363449096680, -110.3064651489258
300344, Los Olivos, 3003, Colonia, 23040, 24.1363449096680, -110.3064651489258
300345, Perla, 3003, Fraccionamiento, 23040, 24.1363449096680, -110.3064651489258
300346, Petrolera, 3003, Colonia, 23040, 24.1363449096680, -110.3064651489258
300347, ISSSTE, 3003, Colonia, 23040, 24.1363449096680, -110.3064651489258
300348, Bella Vista, 3003, Colonia, 23050, 24.1306018829346, -110.3044891357422
300349, Benito Juárez Oriente, 3003, Colonia, 23050, 24.1306018829346, -110.3044891357422
300350, Roma, 3003, Colonia, 23050, 24.1306018829346, -110.3044891357422
300351, Rosaura Zapata, 3003, Colonia, 23050, 24.1306018829346, -110.3044891357422
300352, Tecnológico, 3003, Colonia, 23050, 24.1306018829346, -110.3044891357422
300353, Zona Industrial, 3003, Zona industrial, 23050, 24.1306018829346, -110.3044891357422
300354, Misiones de Loreto, 3003, Colonia, 23050, 24.1306018829346, -110.3044891357422
300355, El Carrizal, 3003, Fraccionamiento, 23050, 24.1306018829346, -110.3044891357422
300356, Cruz de Piedra, 3003, Colonia, 23050, 24.1306018829346, -110.3044891357422
300357, Bella Vista Plus, 3003, Colonia, 23050, 24.1306018829346, -110.3044891357422
300358, El Campanario, 3003, Fraccionamiento, 23050, 24.1306018829346, -110.3044891357422
300359, 20 de Noviembre, 3003, Colonia, 23052, 24.1369915008545, -110.2835388183594
300360, Calafia, 3003, Fraccionamiento, 23054, 24.1236438751221, -110.3026504516602
300361, José María Morelos, 3003, Unidad habitacional, 23054, 24.1236438751221, -110.3026504516602
300362, Cihuatán Costa Azul, 3003, Unidad habitacional, 23054, 24.1236438751221, -110.3026504516602
300363, Jardines del Sur, 3003, Colonia, 23055, 24.1209526062012, -110.3001022338867
300364, Jardines del Sur, 3003, Ampliación, 23055, 24.1209526062012, -110.3001022338867
300365, Flores Magón, 3003, Colonia, 23056, 24.1295127868652, -110.3013229370117
300366, Popular Indeco, 3003, Colonia, 23056, 24.1295127868652, -110.3013229370117
300367, California, 3003, Colonia, 23060, 24.1423606872559, -110.3284835815430
300368, Barrio El Manglito, 3003, Colonia, 23060, 24.1423606872559, -110.3284835815430
300369, Inalámbrica, 3003, Colonia, 23060, 24.1423606872559, -110.3284835815430
300370, Pueblo Nuevo, 3003, Colonia, 23060, 24.1423606872559, -110.3284835815430
300371, Su Casa, 3003, Colonia, 23060, 24.1423606872559, -110.3284835815430
300372, San Pablo, 3003, Fraccionamiento, 23060, 24.1423606872559, -110.3284835815430
300373, Primero de Mayo, 3003, Unidad habitacional, 23060, 24.1423606872559, -110.3284835815430
300374, Quinta Esmeralda, 3003, Fraccionamiento, 23060, 24.1423606872559, -110.3284835815430
300375, Lomas de Cataviña, 3003, Fraccionamiento, 23060, 24.1423606872559, -110.3284835815430
300376, Emiliano Zapata, 3003, Colonia, 23070, 24.1293983459473, -110.3167190551758
300377, INFONAVIT, 3003, Unidad habitacional, 23070, 24.1293983459473, -110.3167190551758
300378, Las Palmas, 3003, Fraccionamiento, 23070, 24.1293983459473, -110.3167190551758
300379, Oro Blanco, 3003, Colonia, 23070, 24.1293983459473, -110.3167190551758
300380, Residencial las Garzas, 3003, Colonia, 23070, 24.1293983459473, -110.3167190551758
300381, Unidad Indeco, 3003, Unidad habitacional, 23070, 24.1293983459473, -110.3167190551758
300382, Jardines de la Paz, 3003, Fraccionamiento, 23070, 24.1293983459473, -110.3167190551758